{"cameraMode":{"drawMode":0,"name":"Shaded","section":"Shading Mode"},"sceneLighting":true,"audioPlay":false,"sceneViewState":{"showFog":false,"showMaterialUpdate":false,"showSkybox":false,"showFlares":false,"showImageEffects":false,"showParticleSystems":false},"in2DMode":false,"pivot":{"x":-8.57915210723877,"y":-15.60171890258789,"z":5.780140399932861},"rotation":{"x":-0.4042363166809082,"y":0.3997240662574768,"z":-0.20264938473701478,"w":-0.7973544001579285},"size":36.49378204345703,"orthographic":false}