{"cameraMode":{"drawMode":0,"name":"Shaded","section":"Shading Mode"},"sceneLighting":true,"audioPlay":false,"sceneViewState":{"showFog":false,"showMaterialUpdate":false,"showSkybox":false,"showFlares":false,"showImageEffects":false,"showParticleSystems":false},"in2DMode":false,"pivot":{"x":7.073409557342529,"y":-2.6235671043395998,"z":-10.062819480895996},"rotation":{"x":-0.07345481216907501,"y":0.9145463705062866,"z":-0.34769752621650698,"w":-0.19320744276046754},"size":43.07237243652344,"orthographic":false}